t,role,cpu,mem_mb
1,app,0.05,432.8
1,db,3.28,104.4
1,k6,0.0,25.12
2,app,55.93,436.55
2,db,4.28,104.7
2,k6,2.69,26.25
3,app,95.51,441.8
3,db,4.17,105.35
3,k6,5.28,27.24
4,app,67.53,443.65
4,db,4.35,105.8
4,k6,5.04,27.36
5,app,59.58,444.2
5,db,4.21,106.1
5,k6,5.23,27.61
6,app,63.52,445.5
6,db,3.95,106.55
6,k6,5.17,27.61
7,app,52.34,444.1
7,db,4.03,106.65
7,k6,5.66,27.61
8,app,33.66,441.9
8,db,5.13,106.55
8,k6,7.48,27.61
9,app,37.84,442.25
9,db,5.37,106.6
9,k6,7.18,27.61
10,app,40.33,442.5
10,db,5.53,106.5
10,k6,7.55,28.61
11,app,31.95,444.75
11,db,5.79,106.5
11,k6,8.11,29.61
12,app,32.23,447.85
12,db,5.08,106.25
12,k6,7.11,29.61
13,app,25.48,449.1
13,db,5.6,106.15
13,k6,8.75,29.61
14,app,22.98,449.15
14,db,6.38,106.55
14,k6,9.43,29.73
15,app,22.19,449.2
15,db,7.73,107.8
15,k6,9.3,29.86
16,app,18.69,449.2
16,db,6.98,112.45
16,k6,9.82,29.98
17,app,19.18,449.1
17,db,7.46,112.45
17,k6,10.94,31.11
18,app,29.09,453.3
18,db,6.37,109.0
18,k6,9.95,31.98
19,app,29.19,457.4
19,db,6.05,109.3
19,k6,8.77,31.96
20,app,19.4,457.05
20,db,6.74,109.4
20,k6,11.41,31.94
21,app,24.57,453.1
21,db,6.11,109.3
21,k6,10.26,31.79
22,app,25.73,449.55
22,db,5.97,109.4
22,k6,9.7,31.88
23,app,22.68,449.7
23,db,6.42,109.55
23,k6,10.02,31.84
24,app,29.73,450.9
24,db,5.47,109.35
24,k6,8.02,31.7
25,app,28.83,451.6
25,db,5.29,109.25
25,k6,8.14,31.7
26,app,22.09,451.5
26,db,5.76,109.25
26,k6,8.31,31.7
27,app,23.62,451.85
27,db,6.49,109.25
27,k6,9.64,31.7
28,app,23.45,451.95
28,db,6.44,109.4
28,k6,9.61,31.7
29,app,20.59,451.75
29,db,6.81,109.4
29,k6,10.07,31.69
30,app,21.76,451.4
30,db,7.14,109.4
30,k6,12.12,31.67
31,app,18.17,451.55
31,db,5.08,109.35
31,k6,0.0,23.44
32,app,15.04,451.95
32,db,6.08,109.45
32,k6,6.61,24.57
33,app,18.57,451.95
33,db,7.81,109.7
33,k6,11.5,25.56
34,app,27.22,454.85
34,db,6.29,109.65
34,k6,9.47,26.55
35,app,45.41,459.1
35,db,4.62,109.55
35,k6,8.59,27.66
36,app,35.23,460.0
36,db,5.51,109.6
36,k6,9.18,27.66
37,app,16.98,459.8
37,db,7.1,109.5
37,k6,10.97,27.89
38,app,19.14,460.05
38,db,7.47,109.4
38,k6,11.46,28.12
39,app,21.09,460.15
39,db,6.71,109.4
39,k6,11.04,28.23
40,app,19.94,460.0
40,db,7.11,109.65
40,k6,12.51,28.2
41,app,16.33,460.1
41,db,8.18,109.65
41,k6,12.42,27.93
42,app,19.96,460.15
42,db,7.38,109.4
42,k6,10.32,28.78
43,app,20.82,460.25
43,db,7.35,109.4
43,k6,11.02,29.77
44,app,15.0,460.4
44,db,8.07,109.5
44,k6,10.73,29.77
45,app,16.93,460.4
45,db,7.4,109.5
45,k6,9.52,29.77
46,app,17.34,460.35
46,db,6.81,109.5
46,k6,10.18,29.77
47,app,18.91,460.0
47,db,5.93,109.6
47,k6,9.97,29.77
48,app,20.82,460.05
48,db,6.74,109.6
48,k6,11.15,29.88
49,app,16.43,460.1
49,db,8.64,109.75
49,k6,12.19,30.0
50,app,16.73,459.85
50,db,8.34,109.95
50,k6,12.99,30.0
51,app,18.46,460.2
51,db,7.46,109.9
51,k6,12.68,29.99
52,app,19.11,460.5
52,db,7.58,109.6
52,k6,12.45,30.09
53,app,18.27,460.3
53,db,8.01,109.55
53,k6,12.16,30.21
54,app,16.63,460.35
54,db,7.46,109.85
54,k6,11.55,31.21
55,app,17.16,460.35
55,db,7.28,110.0
55,k6,11.4,32.21
56,app,21.61,460.2
56,db,6.37,110.0
56,k6,9.0,32.21
57,app,21.65,460.4
57,db,5.73,109.8
57,k6,9.53,32.21
58,app,19.19,460.35
58,db,6.58,109.6
58,k6,10.69,32.21
59,app,19.77,460.25
59,db,7.24,109.65
59,k6,10.93,32.21
60,app,18.17,460.3
60,db,7.86,109.8
60,k6,12.02,32.21
61,app,12.82,460.15
61,db,6.03,109.6
61,k6,0.0,23.68
62,app,11.62,460.1
62,db,5.63,109.45
62,k6,8.19,24.68
63,app,14.09,460.05
63,db,7.66,109.65
63,k6,15.43,26.67
64,app,15.58,460.25
64,db,7.18,109.75
64,k6,13.82,27.67
65,app,15.52,460.45
65,db,7.18,109.7
65,k6,14.04,27.78
66,app,14.8,460.3
66,db,7.42,109.85
66,k6,14.94,29.01
67,app,16.26,460.3
67,db,6.25,110.05
67,k6,12.4,29.99
68,app,15.79,460.4
68,db,6.79,110.0
68,k6,13.23,29.98
69,app,15.92,460.25
69,db,7.71,109.9
69,k6,15.24,30.23
70,app,17.9,460.25
70,db,7.05,109.9
70,k6,13.7,30.33
71,app,16.61,460.0
71,db,7.3,109.9
71,k6,14.51,30.3
72,app,15.28,459.8
72,db,7.64,109.9
72,k6,14.86,30.29
73,app,14.95,460.1
73,db,7.92,109.9
73,k6,15.12,30.29
74,app,12.95,460.35
74,db,8.25,109.75
74,k6,15.66,30.27
75,app,13.82,460.35
75,db,7.96,109.85
75,k6,15.0,30.23
76,app,16.99,460.2
76,db,9.09,110.0
76,k6,14.72,30.21
77,app,19.31,460.2
77,db,5.25,109.9
77,k6,12.31,30.2
78,app,12.03,460.2
78,db,8.75,109.8
78,k6,12.85,30.18
79,app,13.05,460.2
79,db,6.01,109.6
79,k6,14.95,30.18
80,app,13.86,460.2
80,db,9.85,109.9
80,k6,17.01,30.16
81,app,14.21,460.0
81,db,5.82,109.5
81,k6,15.02,30.4
82,app,14.7,460.2
82,db,9.72,110.3
82,k6,15.98,30.34
83,app,13.24,460.1
83,db,6.03,110.0
83,k6,13.99,32.34
84,app,14.29,459.8
84,db,10.43,109.9
84,k6,17.36,32.3
85,app,12.0,460.1
85,db,5.52,109.9
85,k6,13.31,32.54
86,app,14.71,460.2
86,db,9.5,110.0
86,k6,12.79,32.54
87,app,12.3,460.4
87,db,6.21,109.4
87,k6,14.5,32.54
88,app,13.36,460.1
88,db,7.28,116.7
88,k6,15.41,32.54
89,app,12.81,459.9
89,db,8.78,109.9
89,k6,14.49,32.54
90,app,20.51,459.9
90,db,6.0,109.7
90,k6,14.6,32.54
91,app,13.23,460.6
91,db,9.74,110.0
91,k6,14.61,32.53
92,app,11.02,460.3
92,db,4.19,109.2
92,k6,0.0,30.16
93,app,14.39,460.5
93,db,8.93,110.0
93,k6,13.93,38.16
94,app,12.86,460.2
94,db,6.38,109.9
94,k6,13.5,38.15
95,app,15.5,460.2
95,db,9.71,110.0
95,k6,16.35,40.39
96,app,13.12,460.5
96,db,6.77,110.0
96,k6,13.82,44.33
97,app,14.57,460.2
97,db,10.2,110.1
97,k6,14.57,44.33
98,app,17.87,459.8
98,db,6.66,110.0
98,k6,12.79,44.81
99,app,15.45,461.0
99,db,10.37,110.1
99,k6,15.78,44.69
100,app,13.54,460.4
100,db,6.54,110.0
100,k6,13.81,44.68
101,app,13.94,460.7
101,db,9.52,110.3
101,k6,14.76,44.62
102,app,14.52,460.4
102,db,6.78,110.1
102,k6,15.19,44.86
103,app,12.5,460.8
103,db,8.8,110.6
103,k6,14.16,45.05
104,app,18.01,460.6
104,db,6.78,110.5
104,k6,14.09,44.73
105,app,15.11,460.6
105,db,10.22,110.4
105,k6,13.95,44.91
106,app,14.38,460.5
106,db,7.14,110.4
106,k6,14.65,44.8
107,app,13.34,460.5
107,db,9.27,110.5
107,k6,14.28,47.25
108,app,14.5,460.2
108,db,7.55,110.7
108,k6,13.94,46.87
109,app,17.27,460.5
109,db,11.72,110.3
109,k6,17.37,47.11
110,app,19.23,460.5
110,db,7.84,110.2
110,k6,15.02,47.32
111,app,15.93,460.2
111,db,11.19,109.9
111,k6,16.39,47.0
112,app,17.83,460.5
112,db,8.82,110.2
112,k6,18.96,46.94
113,app,14.3,460.3
113,db,9.89,111.0
113,k6,14.74,47.18
114,app,13.82,460.8
114,db,6.42,111.0
114,k6,13.71,47.17
115,app,13.69,460.6
115,db,8.71,111.0
115,k6,13.64,47.12
116,app,16.69,460.8
116,db,6.47,110.9
116,k6,12.56,47.1
117,app,14.6,460.7
117,db,9.55,110.6
117,k6,14.74,47.03
118,app,13.27,460.5
118,db,6.89,110.8
118,k6,14.32,47.14
119,app,13.87,460.6
119,db,9.19,110.9
119,k6,14.09,47.07
120,app,13.76,460.9
120,db,6.73,110.8
120,k6,14.41,49.04
121,app,15.66,460.7
121,db,10.44,110.7
121,k6,16.32,49.24
122,app,10.44,458.8
122,db,5.72,109.3
123,app,31.61,460.6
123,db,15.24,110.6
123,k6,0.0,63.29
124,app,24.75,461.0
124,db,13.05,110.5
124,k6,24.26,65.73
125,app,27.27,460.9
125,db,16.95,110.6
125,k6,29.53,68.09
126,app,31.32,461.1
126,db,13.74,110.5
126,k6,26.72,73.75
127,app,26.64,461.2
127,db,16.44,111.1
127,k6,27.16,74.21
128,app,28.39,460.7
128,db,14.23,111.0
128,k6,26.44,76.09
129,app,31.65,460.9
129,db,17.14,110.8
129,k6,26.26,76.23
130,app,26.92,461.1
130,db,14.22,111.0
130,k6,24.37,75.89
131,app,26.39,460.5
131,db,16.42,111.3
131,k6,26.01,76.33
132,app,29.28,460.3
132,db,13.06,111.2
132,k6,24.12,75.94
133,app,26.86,460.9
133,db,15.59,111.1
133,k6,27.84,76.36
134,app,24.88,460.8
134,db,12.97,111.0
134,k6,24.13,78.06
135,app,29.2,460.7
135,db,15.96,111.6
135,k6,22.63,78.7
136,app,24.32,460.6
136,db,13.09,111.5
136,k6,24.07,78.3
137,app,24.92,461.1
137,db,15.39,111.1
137,k6,24.82,78.23
138,app,30.19,461.0
138,db,13.01,111.1
138,k6,24.69,78.68
139,app,25.26,460.6
139,db,15.6,111.4
139,k6,24.49,78.64
140,app,26.21,461.0
140,db,13.22,111.3
140,k6,24.96,80.7
141,app,30.12,461.0
141,db,15.47,111.9
141,k6,24.63,80.36
142,app,25.63,460.3
142,db,13.08,111.9
142,k6,24.77,79.47
143,app,25.85,461.2
143,db,15.48,111.7
143,k6,25.22,80.63
144,app,29.58,460.9
144,db,12.81,111.7
144,k6,23.9,80.71
145,app,24.61,460.8
145,db,15.56,111.7
145,k6,24.48,82.58
146,app,24.88,460.7
146,db,12.85,111.6
146,k6,24.41,82.71
147,app,28.7,460.9
147,db,15.35,112.2
147,k6,24.74,82.4
148,app,25.19,461.3
148,db,13.5,112.1
148,k6,24.91,82.41
149,app,28.74,460.8
149,db,15.42,112.2
149,k6,22.37,82.54
150,app,24.22,461.1
150,db,13.0,112.4
150,k6,24.33,86.85
151,app,29.06,460.3
151,db,15.66,112.5
151,k6,24.84,86.93
152,app,23.54,459.7
152,db,12.52,112.4
152,k6,26.07,86.01
153,app,31.02,461.5
153,db,15.7,111.8
153,k6,0.0,105.0
154,app,50.02,462.4
154,db,23.19,112.2
154,k6,45.51,115.8
155,app,44.61,462.2
155,db,24.9,112.2
155,k6,49.59,118.1
156,app,49.92,462.5
156,db,23.38,112.4
156,k6,46.92,120.3
157,app,51.76,463.0
157,db,26.66,112.9
157,k6,47.66,134.5
158,app,49.01,462.2
158,db,23.06,112.8
158,k6,45.84,134.9
159,app,47.57,462.7
159,db,24.4,112.9
159,k6,44.62,134.9
160,app,47.75,463.0
160,db,22.87,113.6
160,k6,44.29,136.9
161,app,49.14,462.9
161,db,25.6,113.9
161,k6,45.8,137.0
162,app,70.06,471.0
162,db,26.83,114.0
162,k6,66.05,137.0
163,app,61.64,472.7
163,db,25.78,113.7
163,k6,47.8,143.2
164,app,45.61,473.2
164,db,22.35,113.6
164,k6,43.54,143.5
165,app,48.08,473.4
165,db,26.87,113.4
165,k6,44.61,143.3
166,app,48.34,473.6
166,db,22.17,113.5
166,k6,44.78,143.6
167,app,43.89,473.2
167,db,24.33,113.9
167,k6,44.54,147.2
168,app,48.48,473.4
168,db,22.64,114.1
168,k6,48.43,147.2
169,app,50.79,473.6
169,db,26.16,114.1
169,k6,46.61,147.3
170,app,47.79,473.0
170,db,22.18,114.3
170,k6,43.86,151.6
171,app,52.41,473.6
171,db,27.19,114.2
171,k6,47.85,153.1
172,app,47.25,473.7
172,db,21.41,114.2
172,k6,44.14,162.7
173,app,50.05,473.7
173,db,24.72,114.7
173,k6,47.5,162.9
174,app,49.48,472.7
174,db,22.57,114.6
174,k6,44.33,163.0
175,app,43.49,473.7
175,db,24.16,114.8
175,k6,44.22,165.0
176,app,48.11,473.0
176,db,22.12,114.8
176,k6,44.18,165.4
177,app,47.1,472.9
177,db,24.0,114.9
177,k6,43.86,165.2
178,app,43.82,473.3
178,db,21.73,114.5
178,k6,43.67,165.4
179,app,52.88,472.6
179,db,24.74,122.3
179,k6,49.58,165.3
180,app,47.99,473.3
180,db,24.16,115.0
180,k6,43.6,165.4
181,app,49.21,473.4
181,db,22.92,114.9
181,k6,45.55,169.5
182,app,48.41,473.5
182,db,24.88,114.9
182,k6,45.13,169.4
183,app,42.79,476.1
183,db,21.39,114.9
183,k6,0.0,179.4
184,app,107.45,476.4
184,db,56.53,114.8
184,k6,88.45,221.0
185,app,106.41,475.9
185,db,53.91,114.9
185,k6,86.28,227.1
186,app,104.93,496.0
186,db,55.47,115.6
186,k6,93.82,229.5
187,app,100.37,496.1
187,db,49.4,115.9
187,k6,83.82,254.2
188,app,97.52,496.3
188,db,52.69,116.3
188,k6,83.59,256.2
189,app,100.63,496.4
189,db,49.91,116.4
189,k6,84.77,256.6
190,app,98.27,496.5
190,db,51.83,116.1
190,k6,84.0,256.4
191,app,106.0,496.6
191,db,54.51,116.2
191,k6,88.55,256.7
192,app,103.65,495.9
192,db,54.55,116.5
192,k6,85.72,261.0
193,app,104.84,496.1
193,db,52.36,116.9
193,k6,91.64,261.2
194,app,104.6,502.8
194,db,53.27,117.1
194,k6,82.21,265.0
195,app,96.6,503.5
195,db,49.64,117.3
195,k6,83.96,264.9
196,app,96.06,503.2
196,db,51.55,117.4
196,k6,84.08,266.95
197,app,95.84,503.15
197,db,50.18,117.45
197,k6,83.73,269.9
198,app,96.3,503.25
198,db,50.39,117.65
198,k6,83.35,271.0
199,app,98.67,503.3
199,db,52.12,117.95
199,k6,84.39,271.1
200,app,99.37,503.25
200,db,52.83,118.05
200,k6,85.31,271.15
201,app,99.18,503.5
201,db,53.04,118.15
201,k6,86.33,276.25
202,app,98.13,503.6
202,db,52.12,118.55
202,k6,85.47,281.35
203,app,99.76,503.45
203,db,50.79,118.75
203,k6,87.43,281.3
204,app,102.09,503.5
204,db,51.61,119.0
204,k6,87.69,281.15
205,app,101.28,503.25
205,db,53.14,119.35
205,k6,85.57,287.15
206,app,101.71,503.2
206,db,54.37,119.5
206,k6,87.26,293.2
207,app,101.16,503.55
207,db,54.06,119.5
207,k6,86.99,293.45
208,app,101.63,503.4
208,db,54.21,119.5
208,k6,87.44,293.55
209,app,102.99,503.3
209,db,55.5,119.6
209,k6,88.82,293.45
210,app,102.9,503.4
210,db,55.39,119.6
210,k6,88.52,293.45
211,app,105.4,503.5
211,db,55.59,119.9
211,k6,88.5,297.45
212,app,106.89,503.6
212,db,56.83,120.1
212,k6,89.72,301.35
213,app,87.09,501.3
213,db,46.65,119.8
214,app,115.06,558.1
214,db,74.75,119.95
214,k6,0.01,387.7
215,app,169.38,636.0
215,db,117.76,120.4
215,k6,84.29,426.0
216,app,175.67,654.4
216,db,125.22,121.0
216,k6,175.7,465.05
217,app,172.0,654.3
217,db,122.48,121.6
217,k6,173.17,467.5
218,app,172.39,654.35
218,db,120.94,122.05
218,k6,166.72,469.6
219,app,174.0,653.95
219,db,125.83,122.6
219,k6,176.0,473.0
220,app,175.12,652.9
220,db,129.77,122.9
220,k6,180.07,476.1
221,app,176.06,652.0
221,db,127.66,123.45
221,k6,172.53,478.4
222,app,175.41,651.85
222,db,124.95,123.9
222,k6,176.34,482.35
223,app,175.13,650.35
223,db,126.65,123.95
223,k6,179.92,484.9
224,app,178.06,650.45
224,db,128.7,124.15
224,k6,177.58,487.05
225,app,177.56,651.9
225,db,127.23,124.55
225,k6,176.56,492.5
226,app,172.54,652.1
226,db,124.63,124.95
226,k6,174.59,496.5
227,app,170.02,652.15
227,db,122.47,125.1
227,k6,170.76,502.65
228,app,171.0,652.0
228,db,122.74,125.5
228,k6,168.78,508.7
229,app,172.46,652.3
229,db,123.08,126.0
229,k6,170.69,508.7
230,app,173.62,652.25
230,db,128.29,126.4
230,k6,179.16,508.95
231,app,172.77,651.95
231,db,127.47,126.85
231,k6,177.69,513.95
232,app,172.54,651.95
232,db,123.93,127.1
232,k6,169.28,518.85
233,app,173.86,650.8
233,db,128.87,127.5
233,k6,175.59,517.8
234,app,175.25,651.45
234,db,128.91,128.05
234,k6,181.57,518.1
235,app,175.18,653.25
235,db,125.58,128.4
235,k6,176.29,526.3
236,app,171.95,653.15
236,db,121.36,128.55
236,k6,168.6,539.55
237,app,171.08,653.2
237,db,122.1,128.75
237,k6,168.75,545.9
238,app,170.48,653.45
238,db,120.97,129.1
238,k6,167.08,545.65
239,app,171.61,653.55
239,db,119.94,129.45
239,k6,167.78,545.5
240,app,172.84,653.35
240,db,124.09,129.85
240,k6,176.35,545.6
241,app,171.27,653.05
241,db,117.06,130.15
241,k6,170.14,553.45
242,app,167.7,653.35
242,db,109.91,130.65
242,k6,158.98,561.35
243,app,167.35,652.95
243,db,111.61,131.35
243,k6,163.93,560.7
244,app,117.5,663.65
244,db,81.83,131.45
244,k6,0.0,515.8
245,app,131.38,684.2
245,db,109.19,131.45
245,k6,137.52,751.45
246,app,195.31,744.1
246,db,173.98,131.8
246,k6,291.65,1181.17
247,app,196.07,801.5
247,db,175.32,132.25
247,k6,288.44,1596.93
248,app,199.33,810.6
248,db,165.76,132.7
248,k6,264.31,1917.44
249,app,200.8,813.25
249,db,149.76,133.0
249,k6,215.31,2149.89
250,app,199.33,813.3
250,db,156.18,133.4
250,k6,228.96,2377.22
251,app,200.28,813.2
251,db,159.02,133.95
251,k6,233.12,2471.42
252,app,200.78,818.9
252,db,143.62,134.5
252,k6,179.28,2471.94
253,app,199.65,844.1
253,db,150.41,134.95
253,k6,187.36,2567.17
254,app,199.38,862.4
254,db,165.98,135.45
254,k6,245.56,2745.34
255,app,199.08,862.1
255,db,157.87,135.9
255,k6,236.64,2828.8
256,app,200.69,862.85
256,db,139.84,136.1
256,k6,178.33,2828.8
257,app,200.22,862.75
257,db,147.49,136.45
257,k6,182.62,2828.8
258,app,198.81,862.8
258,db,171.38,137.9
258,k6,240.67,2837.5
259,app,198.86,876.7
259,db,161.33,138.45
259,k6,233.85,2845.7
260,app,198.73,990.58
260,db,131.05,138.5
260,k6,171.3,2845.7
261,app,199.93,1090.56
261,db,144.11,138.7
261,k6,181.43,2845.7
262,app,197.94,1091.07
262,db,178.0,138.75
262,k6,247.07,2859.01
263,app,197.9,1091.07
263,db,175.23,139.5
263,k6,245.34,2872.83
264,app,201.88,1091.07
264,db,155.41,139.95
264,k6,192.0,2873.34
265,app,201.58,1089.02
265,db,160.81,140.45
265,k6,205.8,2875.39
266,app,199.73,1089.02
266,db,171.43,140.9
266,k6,243.76,2899.97
267,app,200.19,1091.07
267,db,164.38,141.3
267,k6,228.48,2922.5
268,app,202.01,1090.56
268,db,149.17,141.7
268,k6,186.99,2921.98
269,app,199.77,1089.02
269,db,170.25,142.3
269,k6,239.91,2921.98
270,app,199.9,1089.02
270,db,170.41,142.8
270,k6,242.38,2923.01
271,app,202.27,1090.56
271,db,154.71,143.1
271,k6,194.06,2923.52
272,app,201.44,1090.56
272,db,160.61,143.65
272,k6,195.63,2923.52
273,app,200.13,1090.56
273,db,177.28,144.15
273,k6,249.22,2923.52
274,app,187.31,1075.71
274,db,163.94,144.65
274,k6,220.43,2923.52
275,app,88.0,1060.86
275,db,69.18,144.85
275,k6,69.61,2923.52
276,app,0.83,1060.86
276,db,1.96,144.7
276,k6,0.81,2923.52
277,app,0.69,1060.86
277,db,2.04,144.85
277,k6,3.64,2922.5
278,app,0.68,1060.86
278,db,2.03,144.95
278,k6,16.62,2915.84
279,app,12.46,1051.65
279,db,2.38,144.2
279,k6,26.82,2910.21
280,app,81.26,1043.97
280,db,57.54,143.95
280,k6,0.01,518.5
281,app,169.92,1049.09
281,db,135.16,144.6
281,k6,113.36,596.2
282,app,200.7,934.29
282,db,169.32,145.15
282,k6,232.7,761.45
283,app,201.19,817.6
283,db,175.19,145.75
283,k6,238.38,895.1
284,app,198.47,820.85
284,db,174.88,146.5
284,k6,240.5,982.1
285,app,196.26,824.35
285,db,169.78,147.3
285,k6,240.47,1095.18
286,app,199.82,828.0
286,db,163.14,147.75
286,k6,246.04,1256.45
287,app,198.29,833.8
287,db,159.84,148.45
287,k6,230.32,1415.68
288,app,196.13,843.05
288,db,170.28,149.3
288,k6,240.09,1540.1
289,app,198.3,856.3
289,db,180.0,149.75
289,k6,254.64,1710.08
290,app,198.34,867.5
290,db,175.0,150.0
290,k6,252.21,1852.42
291,app,200.04,870.85
291,db,178.05,150.4
291,k6,248.68,2012.67
292,app,199.65,871.2
292,db,183.69,150.9
292,k6,260.63,2184.19
293,app,198.4,871.6
293,db,181.44,151.3
293,k6,258.35,2243.07
294,app,200.18,871.8
294,db,162.53,151.7
294,k6,204.19,2387.46
295,app,199.11,870.35
295,db,165.09,152.05
295,k6,239.04,2566.66
296,app,199.83,970.56
296,db,163.86,152.3
296,k6,242.17,2622.46
297,app,201.35,1072.13
297,db,148.5,152.8
297,k6,189.1,2622.46
298,app,200.92,1070.59
298,db,154.01,153.35
298,k6,198.08,2696.19
299,app,199.79,1067.01
299,db,172.93,153.9
299,k6,246.16,2799.1
300,app,200.12,1068.54
300,db,168.49,154.5
300,k6,239.29,2827.78
301,app,202.18,1071.62
301,db,152.84,154.95
301,k6,194.1,2827.78
302,app,202.98,1071.1
302,db,156.87,155.2
302,k6,193.43,2828.29
303,app,199.11,1059.84
303,db,191.49,155.3
303,k6,284.62,2840.58
304,app,200.93,1069.06
304,db,165.62,155.9
304,k6,216.32,2839.55
305,app,204.6,1071.1
305,db,158.33,156.4
305,k6,198.7,2839.55
306,app,201.26,1072.13
306,db,158.58,157.1
306,k6,193.2,2839.55
307,app,195.61,1064.96
307,db,184.2,158.0
307,k6,296.98,2874.37
308,app,202.31,1071.1
308,db,151.05,158.1
308,k6,199.27,2874.37
309,app,200.52,1072.13
309,db,149.59,158.5
309,k6,194.11,2874.37
310,app,203.2,1071.1
310,db,149.49,158.8
310,k6,191.78,2874.37
311,app,100.92,1042.43
311,db,105.99,159.2
311,k6,195.63,2880.51
312,app,0.87,1042.43
312,db,4.13,159.0
312,k6,0.72,2880.51
313,app,1.01,1042.43
313,db,0.29,158.9
313,k6,0.84,2880.51
314,app,0.59,1042.43
314,db,4.09,159.4
314,k6,0.64,2880.51
315,app,0.76,1042.43
315,db,1.28,159.2
315,k6,0.7,2880.51
