target_rps,achieved_rps,requests,dropped,error_rate,p50_ms,p90_ms,p99_ms,p999_ms,avg_ms,app_cpu,app_mem_mb,db_cpu,db_mem_mb,k6_cpu,k6_bound,refine,k6_exit,start_s,end_s,pass,recovery_s,restarted
250,250.03333333333333,7501,0,0.0,0.947666,1.234917,1.661458,4.7294170000002245,0.8887918392214371,23.12018181818182,1880.2501818181809,,,18.094909090909095,False,False,0,30.4,60.8,True,0.0,False
500,500.03333333333336,15001,0,0.0,0.362625,0.7025,1.37425,3.8063340000000783,0.437105541963873,19.81236363636364,1882.9870545454535,,,20.423454545454554,False,False,0,60.8,91.2,True,0.0,False
1000,1000.0333333333333,30001,0,0.0,0.171583,0.245375,0.531,3.427500000000028,0.19930195780140647,16.381454545454538,1884.7743999999982,,,17.847454545454543,False,False,0,91.2,121.7,True,0.0,False
2000,2000.0333333333333,60001,0,0.0,0.210958,0.330834,0.629792,3.250583000000052,0.23949592296795238,30.111818181818187,1889.9688727272744,,,30.382181818181813,False,False,0,121.7,152.1,True,0.0,False
4000,4000.0333333333333,120001,0,0.0,0.145958,0.293584,0.668125,3.3896250000000663,0.1908839751835401,46.02581818181819,1906.57629090909,,,52.21218181818181,False,False,0,152.1,182.6,True,0.0,False
8000,8000.033333333334,240001,0,0.0,0.147416,0.186125,0.757375,4.812125000000294,0.1785094346023574,93.00925925925921,1933.2361481481498,,,96.11518518518518,False,False,0,182.6,213.0,True,0.0,False
16000,15998.8,479964,36,0.0,0.248958,18.53819190000001,76.9537144999999,102.90432862500012,6.01317404819738,146.9355357142857,2021.3759999999995,,,158.6130357142857,False,False,0,213.0,243.6,True,0.0,False
17000,232.6,6978,500013,1.0,0,0,0,0,0.528691190455718,105.91553846153845,2042.1710769230756,,,14.279076923076929,False,True,0,977.3,1013.0,False,120.1,True
18000,137.2,4116,529959,1.0,0,0,13054.920750000001,26497.808921715,160.84120850218656,103.17646153846151,2047.5903999999994,,,14.811538461538472,False,True,0,793.9,829.5,False,120.2,True
20000,256.7,7701,589975,1.0,0,0,0,0,0,103.00492307692309,2046.330092307693,,,14.084615384615384,False,True,0,610.6,646.2,False,120.2,True
24000,256.23333333333335,7687,709999,1.0,0,0,0,0,0,106.81461538461541,2036.3579076923077,,,15.181384615384621,False,True,0,427.2,462.8,False,120.2,True
32000,1354.2333333333333,40627,909412,0.0002461417284072169,1062.070293,2040.664834,2717.99233126,25410.785032750002,1078.4239808943103,102.93092307692307,1962.9922461538458,,,19.106461538461534,False,False,0,243.6,279.3,False,120.2,True
