target_rps,achieved_rps,requests,dropped,error_rate,p50_ms,p90_ms,p99_ms,p999_ms,avg_ms,app_cpu,app_mem_mb,db_cpu,db_mem_mb,k6_cpu,k6_bound,refine,k6_exit,start_s,end_s,pass
250,250.03333333333333,7501,0,0.0,1.379167,1.781042,2.57075,5.255458500000108,1.4143765307292349,27.626181818181824,235.63272727272718,5.174909090909089,86.82145454545459,7.869454545454547,False,False,0,30.4,60.8,True
500,500.03333333333336,15001,0,0.0,0.740875,0.9505,1.279666,1.9633330000001459,0.7719435744950299,29.50527272727272,238.05636363636378,5.4469090909090925,87.43818181818183,8.752727272727274,False,False,0,60.8,91.2,True
1000,1000.0666666666667,30002,0,0.0,0.691834,0.9762457999999999,1.36120384,2.724139083000092,0.7489832578161467,51.65407407407406,243.4018518518518,8.724074074074075,87.56611111111111,14.14703703703704,False,False,0,91.2,121.6,True
2000,2000.0333333333333,60001,0,0.0,0.689375,1.025917,1.68675,3.6329590000001493,0.7679251897635055,100.31527272727278,247.77636363636364,15.900000000000004,88.6247272727273,25.806181818181813,False,False,0,121.6,152.0,True
4000,4000.0333333333333,120001,0,0.0,1.949084,3.568125,6.858417,17.900250000000984,2.236237052366225,187.9901818181819,249.0927272727273,32.20309090909092,91.01654545454547,50.35090909090907,False,False,0,152.0,182.4,True
4250,4250.033333333334,127501,0,0.0,2.948333,6.705583,14.987084,21.95695800000029,3.7092849046438814,193.0554545454545,265.25454545454556,34.09436363636363,123.23818181818186,51.452363636363636,False,True,0,319.9,350.3,True
4500,4449.033333333334,133471,1530,0.0,156.632208,359.304792,533.8773669999998,562.0196224900003,188.75497104323068,194.39964285714277,270.2821428571428,35.24071428571429,120.5,57.0742857142857,False,True,0,289.1,319.9,False
5000,4617.266666666666,138518,11456,0.0,1040.8732925,1346.1697625,12430.173276499994,16105.577263625011,1049.5141748394221,184.24953846153844,291.64307692307705,33.13800000000002,117.1846153846154,65.91369230769229,False,True,0,253.5,289.1,False
6000,4588.433333333333,137653,40872,0.0,1113.294875,1322.6073758,22919.97138184,24417.134689268045,1348.62255454541,180.59,295.41230769230765,32.64800000000002,110.77692307692308,63.925846153846145,False,True,0,218.0,253.5,False
8000,4601.466666666666,138044,99108,0.0007316507780128075,1109.2824595,1300.589117,26998.14961906,27640.149182569014,1454.3784559406458,178.6724615384616,295.71230769230755,32.28246153846155,99.82953846153852,60.551538461538456,False,False,0,182.4,218.0,False
